{"cameraMode":{"drawMode":0,"name":"Shaded","section":"Shading Mode"},"sceneLighting":true,"audioPlay":false,"sceneViewState":{"m_AlwaysRefresh":false,"showFog":true,"showSkybox":true,"showFlares":true,"showImageEffects":true,"showParticleSystems":true,"showVisualEffectGraphs":true,"m_FxEnabled":true},"in2DMode":false,"pivot":{"x":-3.7804794311523439,"y":3.3949246406555177,"z":-5.03482723236084},"rotation":{"x":0.07356192916631699,"y":-0.6942388415336609,"z":0.07169006019830704,"w":0.7123828530311585},"size":27.762603759765626,"orthographic":true}